{"amplitude": -0.3797481195630552, "decay_rate": 0.7396214604584568, "offset": 1.4209503509023804}