{"amplitude": 0.2992905125478288, "decay_rate": 1.360017635904653, "offset": 0.25366499835215683}