{"amplitude": 0.3301481421417776, "decay_rate": 0.2081106633138361, "offset": 0.4495588754404076}