{"amplitude": 0.26069348507592505, "decay_rate": 0.5209844388632636, "offset": 0.3754403453535332}