{"r_range": [10, 20, 40, 60, 80, 120, 150, 180, 1000], "values": [0.9883341110592628, 0.9254230764971644, 0.765758505373322, 0.6093500772459086, 0.39829167593746345, 0.08956112676850264, 0.013872589362629358, 0.0023488786079065406, 0.0], "a": 0.8, "b": 1.0, "error": 0.04765256976495671}