{"amplitude": 0.10487680075586407, "decay_rate": 1.3013708112375753, "offset": 0.6315427097038132}