{"amplitude": 0.14806131394703267, "decay_rate": 0.8426681582457346, "offset": 0.5029703890915003}