{"amplitude": 0.3505134642171963, "decay_rate": 0.4416262072804732, "offset": 0.2031033046760538}