{"amplitude": 0.2953702833992383, "decay_rate": 0.1970699121637774, "offset": 0.5769144283717237}