{"amplitude": 0.20107984943177146, "decay_rate": 1.9464294384888876, "offset": 0.44677496806969774}