{"amplitude": 0.153348140547544, "decay_rate": 0.8164449124029175, "offset": 0.48043372422660985}