{"amplitude": 0.261639711900141, "decay_rate": 0.1760739051726967, "offset": 0.6450312208890433}