{"amplitude": 0.2531126613603475, "decay_rate": 0.31032450626504615, "offset": 0.4086615650780829}