{"amplitude": 0.28030188445732723, "decay_rate": 1.6102494024381526, "offset": 0.2916273407609563}