{"amplitude": 0.334044102940407, "decay_rate": 0.8407747037454868, "offset": 0.2346870359065281}