{"amplitude": 0.27051011239311407, "decay_rate": 0.8332549028656207, "offset": 0.1536060638946545}