{"amplitude": 648.5412887934957, "decay_rate": 4.690605399907727e-05, "offset": -647.5359897055116}