{"amplitude": 0.3530075561723273, "decay_rate": 0.3592622397320494, "offset": 0.31183685226415414}