{"amplitude": 0.47240107404939813, "decay_rate": 0.18479087897594315, "offset": 0.29499951867966584}