{"amplitude": 108.04887345894237, "decay_rate": 6.813100741537466e-05, "offset": -107.0611446231724}