{"amplitude": 0.07674525228257696, "decay_rate": 1.2376637428922992, "offset": 0.6682964264620589}