{"r_range": [10, 20, 40, 60, 80, 120, 150, 180, 1000], "values": [0.181131099044585, 0.20514185701996812, 0.2969290666871012, 0.4009620771090937, 0.6125475139512414, 0.92237661301896, 1.181476283045209, 1.1986858114073053, 0], "a": 1.1, "b": 1.0, "error": 0.16899933800231898}