{"amplitude": 262.2896036693612, "decay_rate": 4.639402318572804e-05, "offset": -261.31450203539475}