{"amplitude": 497.9398480363865, "decay_rate": 5.2893269534903874e-05, "offset": -496.98703852462427}