{"amplitude": -0.0010822206912282557, "decay_rate": 1.1852322257984886, "offset": 0.006874632814339756}