{"r_range": [10, 20, 40, 60, 80, 120, 150, 180, 1000], "values": [0.0304309209711959, 0.03433760392801394, 0.054950666274782664, 0.07833802246196445, 0.11897654975577271, 0.17377623968074576, 0.3915585386443842, 0.15448326233443077, 0], "a": 1.4000000000000001, "b": 1.0, "error": 0.06202193368806912}