{"r_range": [10, 20, 40, 60, 80, 120, 150, 180, 1000], "values": [0.0, 0.00109371784522465, 0.006123179222026981, 0.00288916848089242, 0.008052651739469993, 0.013427395301239804, 0.004938960559896686, 0.0009441923922080297, 0.0], "a": 0.2, "b": 1.0, "error": 0.005139562150932675}