{"amplitude": 0.009443716634111558, "decay_rate": 0.17955327552623584, "offset": 0.9734681280321956}