{"r_range": [10, 20, 40, 60, 80, 120, 150, 180, 1000], "values": [0.0046663555762949, 0.04557494771827843, 0.14863966163307915, 0.29432158528790825, 0.47627794900650433, 0.8532292769097228, 0.9619434247128752, 0.9853450468479091, 1.0], "a": 0.8, "b": 1.0, "error": 0.06844438305772459}