{"r_range": [10, 20, 40, 60, 80, 120, 150, 180, 1000], "values": [0.0023151354303243, 0.002168326846904752, -0.0017478916282913223, 0.004827017964815335, -0.007182957860769529, -0.06267530252696323, 0.18339726368440665, 0.06281967592819243, 0], "a": 1.1, "b": 1.0, "error": 0.05122026805244874}