{"r_range": [10, 20, 40, 60, 80, 120, 150, 180, 1000], "values": [0.1746766035112038, 0.19858747160448428, 0.3309955615021771, 0.45794203108112536, 0.6982722838958093, 0.9794608665683145, 1.162298511196523, 1.1798076804853, 0], "a": 1.0, "b": 1.0, "error": 0.19035102455969236}