{"amplitude": 0.48480607171871054, "decay_rate": 0.5370586521197495, "offset": 0.07650085643252924}