{"amplitude": 0.7803321412728706, "decay_rate": 0.075163662987817, "offset": 0.141732659009776}