{"amplitude": 0.10027400609287862, "decay_rate": 1.212681458974711, "offset": 0.7044378286210035}