{"r_range": [10, 20, 40, 60, 80, 120, 150, 180, 1000], "values": [0.0069995333644423, 0.029001975784557064, 0.08560183299359868, 0.09632833746618315, 0.1254303750560321, 0.05720959632177453, 0.024183985924495367, 0.012306074544184033, 0.0], "a": 0.6, "b": 1.0, "error": 0.028525734361454443}