{"amplitude": 0.17993817117727026, "decay_rate": 0.16182404086520222, "offset": 0.7151837964331944}