{"r_range": [10, 20, 40, 60, 80, 120, 150, 180, 1000], "values": [2143.0, 1794.5, 797.1388888888889, 509.265625, 301.1309523809524, 116.27049180327869, 40.3, 18.415584415584416, 4.838757396449704], "a": 0.6, "b": 1.0, "error": 58.76895124331878}