{"amplitude": 0.09250150871114439, "decay_rate": 1.8497678886800295, "offset": 0.6387483743335308}