{"amplitude": 0.23300784107890132, "decay_rate": 1.5237739349341461, "offset": 0.3849444781192197}