{"amplitude": 0.32210010407125855, "decay_rate": 0.4987824660716692, "offset": 0.2591254946523427}