{"r_range": [10, 20, 40, 60, 80, 120, 150, 180, 1000], "values": [-0.0614998260061017, -0.041937192553864674, -0.07111050855510798, -0.09499291602239261, -0.2855219202476029, -0.6029527231338823, -1.0189497111009744, -1.0475249981751356, 0], "a": 1.3000000000000003, "b": 1.0, "error": 0.15814936914127686}