{"amplitude": 405.2012846520719, "decay_rate": 7.298395335333329e-05, "offset": -404.2372115401505}