{"amplitude": 524.2638424536265, "decay_rate": 7.593497141531202e-05, "offset": -523.6332036559451}