{"amplitude": 0.2085012406765536, "decay_rate": 0.5531386057846382, "offset": 0.3815385657616991}