{"amplitude": 0.11078048200147267, "decay_rate": 0.34546065872877607, "offset": 0.7666478539069699}