{"amplitude": 0.21518935651722793, "decay_rate": 0.23873886430121066, "offset": 0.595789451406161}