{"amplitude": 0.09305476763751602, "decay_rate": 0.4176848726421595, "offset": 0.7320892296273565}