{"amplitude": 0.08049970451704082, "decay_rate": 1.0619261924424837, "offset": 0.6502413587350903}