{"amplitude": 0.24065085743425815, "decay_rate": 0.3897310981711469, "offset": 0.41888450632759133}