{"amplitude": 0.20318471017496506, "decay_rate": 0.5011381960909215, "offset": 0.28105307655853645}