{"amplitude": 0.06231509230910837, "decay_rate": 5.174015266658528, "offset": 0.7574953294010788}