{"r_range": [10, 20, 40, 60, 80, 120, 150, 180, 1000], "values": [90.0, 1406.625, 1458.388888888889, 386.15625, 207.32142857142858, 30.75, 1.4576923076923076, 0.08766233766233766, 0.0014792899408284023], "a": 0.6, "b": 1.0, "error": 41.947864943558216}