{"r_range": [10, 20, 40, 60, 80, 120, 150, 180, 1000], "values": [0.0333333333333333, 0.30616315329968663, 0.48026838523800414, 0.6376971548643747, 0.8665915644379902, 0.961649048960068, 0.9860575933673011, 0.9743589743589745, 1.0], "a": 0.7000000000000001, "b": 1.0, "error": 0.08120945002050572}