{"amplitude": 11.06494851789678, "decay_rate": 9.360715518496633e-05, "offset": -10.108251863876562}