{"r_range": [10, 20, 40, 60, 80, 120, 150, 180, 1000], "values": [0.0832279768250197, 0.1623023211939468, 0.1435015371043461, 0.1261774413295618, 0.155408113496965, 0.19710358539213874, 0.2946948482027196, 0, 0], "a": 1.3000000000000003, "b": 1.0, "error": 0.047803461684122237}