{"amplitude": 0.15299240353454926, "decay_rate": 0.28508760345478756, "offset": 0.7151832237468615}