{"amplitude": 0.3449312944569445, "decay_rate": 1.4595616705226049, "offset": 0.2659287484015802}