{"r_range": [10, 20, 40, 60, 80, 120, 150, 180, 1000], "values": [0.2555555555555555, 0.08571369509113298, 0.06416920891051318, 0.061520991348240114, 0.034908602926880916, 0.012916201567661057, 0.0012942191544434852, 0.02564102564102564, 0.0], "a": 0.5, "b": 1.0, "error": 0.021870929685917865}