{"amplitude": 0.26018820488439187, "decay_rate": 0.1410288860490915, "offset": 0.5981827649562352}