{"amplitude": -0.11912250057510022, "decay_rate": 0.26818014629637116, "offset": 0.3826645970144902}