{"amplitude": 0.2893792249996251, "decay_rate": 0.5752428896244483, "offset": 0.2827201362041981}