{"amplitude": 0.05587104989531486, "decay_rate": 0.41230429694827037, "offset": 0.9310137767901748}