{"amplitude": 0.26525941199184727, "decay_rate": 0.4681375626293488, "offset": 0.29452396477140685}