{"amplitude": 258.8540445593852, "decay_rate": 6.773528369609992e-05, "offset": -257.94139234086475}