{"r_range": [10, 20, 40, 60, 80, 120, 150, 180, 1000], "values": [-0.0035938898338299, -0.0281948570547409, -0.006137315993505764, 0.0012922285254455775, -0.016064111618008935, -0.08602563294560263, 0.0891159876651476, 0, 0], "a": 1.1, "b": 1.0, "error": 0.045671205224736}