{"amplitude": 0.3864944641435933, "decay_rate": 1.2414508053038356, "offset": 0.20642616404736883}