{"amplitude": 0.09856183214986565, "decay_rate": 0.521804928079448, "offset": 0.6929632943844737}