{"amplitude": 0.14649296118462737, "decay_rate": 0.9397677634620665, "offset": 0.5183104181094466}