{"r_range": [10, 20, 40, 60, 80, 120, 150, 180, 1000], "values": [0.0215563959564492, -0.03524491171277939, 0.0027651325048975257, -0.005460916302992076, 0.04092715999196601, -0.11139077606735653, 0, 0, 0], "a": 1.3000000000000003, "b": 1.0, "error": 0.10179358183384582}