{"amplitude": 0.20293662049574654, "decay_rate": 0.37961008884254793, "offset": 0.4996220374118097}