{"amplitude": 564.6526937615374, "decay_rate": 0.00012288744426853328, "offset": -564.05798027981}