{"r_range": [10, 20, 40, 60, 80, 120, 150, 180, 1000], "values": [0.5465445499928712, 0.3121446729398559, 0.3301153516178076, 0.35723252770750413, 0.38073495602634794, 0.39261398913579076, 0, 0, 0], "a": 0.8, "b": 1.0, "error": 0.08751892587559862}