{"amplitude": 0.09825574965552543, "decay_rate": 0.8307633894946714, "offset": 0.6515067658778791}