{"amplitude": 0.2505095555005004, "decay_rate": 0.16831874361717847, "offset": 0.6574414696486377}