{"r_range": [10, 20, 40, 60, 80, 120, 150, 180, 1000], "values": [0.1098713091053379, 0.15810159834898777, 0.153875105338535, 0.15764526375221205, 0.18461485437739245, 0.219185842624643, 0.4232219971491063, 0, 0], "a": 1.0, "b": 1.0, "error": 0.04024922214276445}