{"amplitude": 294.9675388726173, "decay_rate": 8.749619937770401e-05, "offset": -294.07537983235505}