{"amplitude": -0.01672245075811021, "decay_rate": 0.6401225622501525, "offset": 0.1019105381428856}