{"r_range": [10, 20, 40, 60, 80, 120, 150, 180, 1000], "values": [0.7111111111111111, 0.6081231516091803, 0.4555624058514828, 0.30078185378738537, 0.09849983263512874, 0.0254347494722706, 0.01264818747825545, 0.0, 0.0], "a": 0.7000000000000001, "b": 1.0, "error": 0.06531281778764167}