{"amplitude": 0.12034509706528534, "decay_rate": 1.8909864378873453, "offset": 0.5836673675467482}