{"amplitude": 281.36468186062626, "decay_rate": 6.599701197802938e-05, "offset": -280.4953330302206}