{"amplitude": 1.213881997096254, "decay_rate": 0.057379169068402514, "offset": -0.6723184488105004}