{"r_range": [10, 20, 40, 60, 80, 120, 150, 180, 1000], "values": [0.0333333333333333, 0.04426052634694831, 0.020164384583571837, 0.017018534375731392, 0.014153323443040357, 0.004984284605088578, 0.011477227290901821, 0.0, 0.0], "a": 0.2, "b": 1.0, "error": 0.009697941649235523}