{"amplitude": 0.7975861341209607, "decay_rate": 0.035317488705498466}