{"amplitude": 0.7766685689133549, "decay_rate": 0.03804058233726243}