{"amplitude": 0.7409837338957147, "decay_rate": 0.06816527412354706}