{"amplitude": 0.9789379851847204, "decay_rate": 0.0011582040164270684}