{"amplitude": 0.03146414642143951, "decay_rate": -0.032823619774757944}