{"amplitude": 0.866220884036292, "decay_rate": 0.03967295024210434}