{"amplitude": 0.9298157388925452, "decay_rate": 0.017452272455883683}