{"amplitude": 0.7027564279276007, "decay_rate": 0.03343698838219789}