{"amplitude": 0.5144633392674414, "decay_rate": 0.19683255273880812}