{"amplitude": 0.7719392845449305, "decay_rate": 0.03865288204091916}