{"amplitude": 0.971221531371192, "decay_rate": 0.008922769006692852}