{"amplitude": 0.8485297983911166, "decay_rate": -0.06729803982515556}