{"amplitude": 0.4142779442358657, "decay_rate": 0.1540947681546178}