{"amplitude": 0.9312570818414446, "decay_rate": 0.05265543874329921}