{"amplitude": 0.6982322866359585, "decay_rate": 0.0337506206598}