{"amplitude": 0.6355515608130877, "decay_rate": 0.06882570917163576}