{"amplitude": 0.5906385054308259, "decay_rate": 0.13273745882752108}