{"amplitude": 0.8494730385524544, "decay_rate": 0.02587034864828334}