{"amplitude": 0.8505797498668589, "decay_rate": 0.027118557668564858}