{"amplitude": 0.5392118015908752, "decay_rate": 0.3297394638628739}