{"amplitude": 0.8425254849878777, "decay_rate": 0.047053685707411565}