{"amplitude": 0.7257785591769954, "decay_rate": 0.018811182537621898}