{"amplitude": 0.8881771390713465, "decay_rate": 0.026459743975171604}