{"amplitude": 0.5622450331130343, "decay_rate": 0.16196915098091128}