{"amplitude": 1.00513228190226, "decay_rate": 0.03036278273750217}