{"amplitude": 0.7015877027391528, "decay_rate": 0.025715595989396822}