{"amplitude": 0.836699669326815, "decay_rate": 0.035766685391226335}