{"amplitude": 0.7195384722112487, "decay_rate": 0.08716900672760582}