{"amplitude": 0.7387883941426764, "decay_rate": 0.033512962097722136}