{"amplitude": 0.6152087020625897, "decay_rate": 0.11403292762032559}