{"amplitude": 0.640233048993007, "decay_rate": 0.12317150454423248}