{"amplitude": 0.4682749696326526, "decay_rate": 0.11848441471385032, "offset": 0.27524584648256545}