{"r_range": [10, 20, 40, 60, 80, 120, 150, 180, 1000], "values": [2344.0, 3288.75, 2305.8611111111113, 933.984375, 549.5595238095239, 158.87704918032787, 45.26923076923077, 19.204545454545453, 4.945266272189349], "a": 0.6, "b": 1.0, "error": 90.70202370472883}