{"amplitude": 0.275209133725613, "decay_rate": 0.5664017475375596, "offset": 0.34553807061704644}