{"r_range": [10, 20, 40, 60, 80, 120, 150, 180, 1000], "values": [0.01919795221843, 0.18049518381013963, 0.36801647977819374, 0.43602682558475647, 0.6507629379279432, 0.8878548316652267, 0.9681520541411464, 0.9856250258479846, 1.0], "a": 0.7000000000000001, "b": 1.0, "error": 0.059574296204702934}