{"amplitude": 0.20908255543559132, "decay_rate": 0.23574473243419505, "offset": 0.6645920831732309}