{"amplitude": 0.10637228619598733, "decay_rate": 1.0107724598303314, "offset": 0.6284509029596413}