{"amplitude": 135.09375007051912, "decay_rate": 6.317241845278142e-05, "offset": -134.1225767574547}