{"amplitude": 0.24311525512231577, "decay_rate": 0.2268458344537339, "offset": 0.6071241384668}