{"r_range": [10, 20, 40, 60, 80, 120, 150, 180, 1000], "values": [0.0174914675767918, 0.04079122685111817, 0.06413096262787271, 0.07953768512604896, 0.08277216907717078, 0.04488335966795998, 0.021952049541538926, 0.012404154119867037, 0.0], "a": 0.5, "b": 1.0, "error": 0.021986672249137265}