{"amplitude": 0.13058445953645484, "decay_rate": 0.5151041483828422, "offset": 0.6578028349952358}