{"amplitude": 0.4377371687467066, "decay_rate": 0.5551296414964149, "offset": 0.12178503279280535}