{"amplitude": 0.8390839994367933, "decay_rate": 0.05917200859241769, "offset": 0.0925002912103081}