{"amplitude": 0.32918361509816907, "decay_rate": 0.3539267680025975, "offset": 0.32725309105733974}