{"amplitude": 0.32082718634581675, "decay_rate": 0.45258861422922225, "offset": 0.26277664266543455}