{"r_range": [10, 20, 40, 60, 80, 120, 150, 180, 1000], "values": [0.963310580204778, 0.7787135893387421, 0.5678525575939334, 0.4844354892891946, 0.2664648929948857, 0.06726180866681337, 0.009895896317314763, 0.001970820032148097, 0.0], "a": 0.7000000000000001, "b": 1.0, "error": 0.04113858245518279}