{"r_range": [10, 20, 40, 60, 80, 120, 150, 180, 1000], "values": [0.0012798634812286, 0.013381517695819262, 0.01459109016333073, 0.008770473864592806, 0.009276046524660778, 0.010810740423420017, 0.0025435054164250994, 0.0008942584500980246, 0.0], "a": 0.30000000000000004, "b": 1.0, "error": 0.004211203122467787}