{"amplitude": -0.30523371270066346, "decay_rate": 0.7066344564400389, "offset": 1.083554868000308}