{"amplitude": 0.3286426589940898, "decay_rate": 0.2589053195519192, "offset": 0.4013582752791913}