{"amplitude": 0.2837430751732437, "decay_rate": 0.11568191328272273, "offset": 0.5163112443573765}