{"amplitude": 0.11821614955400625, "decay_rate": 2.754242668366855, "offset": 0.6816277046581863}