{"amplitude": 0.1390236751801566, "decay_rate": 2.2097752442217495, "offset": 0.6302042853932537}