{"amplitude": 0.2989305224106142, "decay_rate": 0.8912079316385941, "offset": 0.26861858382320436}