{"amplitude": 579.3294589614085, "decay_rate": 4.990170276435106e-05, "offset": -578.3250101605846}