{"amplitude": 0.2818880312045229, "decay_rate": 0.4063566832418986, "offset": 0.3522052147564938}