{"amplitude": 0.2930997236293236, "decay_rate": 0.1171443170592659, "offset": 0.4860987877338398}