{"amplitude": 274.1824047310383, "decay_rate": 8.1447755828324e-05, "offset": -273.29485844228014}