{"amplitude": 0.08163510915694885, "decay_rate": 1.1539877938543361, "offset": 0.6462155993218281}