{"r_range": [10, 20, 40, 60, 80, 120, 150, 180, 1000], "values": [0.1715288481406566, 0.20449024610166397, 0.2684959397379434, 0.40383394284482016, 0.6650878465038804, 0.9444864714513262, 1.194268828260556, 1.1667597410339297, 0], "a": 1.0, "b": 1.0, "error": 0.19044318284048914}