{"r_range": [10, 20, 40, 60, 80, 120, 150, 180, 1000], "values": [0.1789462766923113, 0.19698095080919373, 0.23085404799417486, 0.3471563991348257, 0.5751846546598338, 0.8701339281148698, 1.1860515252090604, 1.1819619576609486, 0], "a": 1.0, "b": 1.0, "error": 0.1641362827059653}