{"r_range": [10, 20, 40, 60, 80, 120, 150, 180, 1000], "values": [0.089519647441338, 0.15506977824662807, 0.21500778944657495, 0.17595111224701335, 0.16822694931825213, 0.1853352199247359, 0.39059302322903805, 0.15448326233443077, 0], "a": 0.8, "b": 1.0, "error": 0.08349597484453762}