{"amplitude": 0.21897925569822685, "decay_rate": 0.5208161474183325, "offset": 0.21471786271800686}