{"amplitude": 0.10883587529698363, "decay_rate": 1.1138151975453252, "offset": 0.6634232702779085}