{"amplitude": 0.17349305690457262, "decay_rate": 0.6545330102655132, "offset": 0.4906409618122438}