{"amplitude": 0.15709250960404686, "decay_rate": 0.3166226627360236, "offset": 0.6892390043144727}