{"amplitude": 0.12401815384575154, "decay_rate": 0.3114497333020453, "offset": 0.7341428345818951}