{"amplitude": 0.010327496415298478, "decay_rate": 0.1449032640585888, "offset": 0.9688089562804394}