{"amplitude": 171.37314969629688, "decay_rate": 9.15500731931347e-05, "offset": -170.44362676443774}