{"amplitude": 0.12190441085666766, "decay_rate": 0.29435260203902913, "offset": 0.7344372664801804}