{"amplitude": -0.005124290989941452, "decay_rate": 0.7004014292147672, "offset": 0.035473396513621094}