{"r_range": [10, 20, 40, 60, 80, 120, 150, 180, 1000], "values": [-0.05991455379893, -0.041973496360159075, -0.04097432578977242, -0.07294594039652406, -0.2621811476936326, -0.5640057512124932, -1.0161008235754305, -1.0453311619661219, 0], "a": 1.1, "b": 1.0, "error": 0.15683353490133883}