{"r_range": [10, 20, 40, 60, 80, 120, 150, 180, 1000], "values": [0.0040564144575346, -0.010051384551415899, -0.003122011389697572, 0.0004964399282956984, -0.0037910530368678013, -0.06840464610722531, 0.1828941609268574, 0.06281967592819243, 0], "a": 1.9000000000000001, "b": 1.0, "error": 0.0567033568964466}